Gary,gary@email.com,25,BN12 4NS,
Tony,tony@email.com,25,BN12 4NS,
John,john@email.com,25,BN12 4NS,
Paul,paul@email.com,25,BN12 4NS,
Fred,fred@email.com,25,BN12 4NS,
Anna,anna@email.com,25,BN12 4NS,
